{"0M1QrMIa7cg": 10, "UDIvWdwVZMg": 10, "Egy6I9XB5u8": 10, "_XZvr96I9Vs": 10, "tTymZqKG2vM": 10, "NrmMk1Myrxc": 10, "4dIr_cY03Js": 10, "9EvnLgxpYqY": 10, "jtaP7IFhUvw": 10, "NkOxfoVOl2g": 10, "Qs_sbBxYHCE": 10, "g7M9hCYlLXg": 10, "KCzjW1YQYl8": 10, "2b3WaNLkmys": 10, "gT1ALBLPUm4": 10, "ylA5EjfEXU8": 10, "wbo3KFFK9K8": 9, "fz10rpnrmQo": 9, "O1xwTOddDV8": 9, "Bt-R5UWOGuo": 8, "1MAJE6fHISY": 8, "HrTJKybzpxo": 8, "0hpX2WK130s": 8, "nXW0mWcS1II": 8, "UcnqA9D0Ixg": 8, "5iqYTMEH5TA": 8, "X82de9Mc6a0": 8, "Wo-lFBv4I9s": 8, "qr58ALUFa28": 12, "m9TEdeOTgAE": 12, "Ny2S4YURXBA": 12, "p_Og7_L2m-s": 12, "NHhKKOQrstk": 12, "P5h1sIAvQqU": 12, "QEYVU4VW7wI": 12, "XC78OR1Hr0E": 12, "Y83BauQCdG8": 12, "u3wQgc6eS9k": 12, "azU6upenuJY": 12, "ZghaYwUtkOE": 12, "GNqrY6yDGsg": 3, "mfwVN77OTN0": 3, "p6SNCvIN4EI": 16, "mOlQg5THqhE": 16, "wqmzwVrkTU4": 16, "40n56DmQ7L4": 16, "Nk9KYtLzWeI": 16, "DN2RyN5crYE": 16, "hOFI_ftLMyY": 16, "imPQ3lysWnU": 16, "E8jrFkPJ4II": 16, "_gvvlBYeiZw": 16, "38df09Oa5aY": 16, "ADzHI5-IRxw": 16, "ADkm4qkXAj8": 16, "avjhKvfcNt8": 16, "yrFQCOcTlFY": 12, "A9wTx2Pq6L4": 12, "7-ohT9KKezY": 12, "zSKpxB3rOB8": 12, "iajYa15YcDE": 12, "-jVXNEvUJss": 12, "NlwmO2m02Iw": 12, "KpllAjxOIUU": 12, "f4KV7APYUO0": 12, "bBQ_w1TEVi8": 12, "4y21uwFUgkE": 12, "ZpAlOwKu8fg": 12, "uNHsZMSnyE8": 12, "qwa_QJD4UcU": 12, "P2dAsl9qojY": 12, "ALv5HWicU20": 3, "o_4N6grOqg4": 3, "taBGfxFQZr4": 3, "cYKOWdiINZI": 3, "2AiOgOnvYvo": 3, "MMvEDIHfDlc": 3, "ZWU-2O2xeiE": 3, "Bt51tCbV7TQ": 3, "8Ht7rJk1U3Q": 3, "dcTddt9VcQw": 3, "tcmEvvWC8A0": 3, "iVpaczaAIuQ": 3, "m_b23McIYs0": 3, "Kkj6y9TtnRM": 0, "vsBPjaLy4fs": 0, "eU2ihJW5tyE": 4, "5a1nwuQ5Pdg": 4, "xpSm9bt9Uqc": 4, "XVwEkzEmDCc": 4, "VOwsIvaHNs0": 4, "0jwhe-zdwcg": 4, "BR9zq5xrTF0": 4, "lNQexzgzvw4": 13, "Qki2u8aKTCM": 13, "cOlsNR6Nvsw": 13, "7SEst7XLNIU": 13, "SUqSWmeEexg": 13, "j9G5mPOk8YE": 13, "fScIX4mkKdo": 13, "oFsNrG3WI3U": 13, "Sgn6Os4YSW0": 13, "3oM-sNFpvjc": 13, "YkMMqOUNyKk": 13, "0gafzS6o84M": 13, "ULczFFENOy8": 13, "lgUyW5aGC2U": 13, "EPtM0NaTZ7I": 13, "HhUays2ehyI": 13, "dMae8xZll3A": 6, "wyqfYJX23lg": 6, "KlGodrW9Kj4": 6, "dZW6J4bKPG8": 10, "PewZ-F1jFkA": 10, "VTFLQEKLG44": 10, "3DmkDCnV3jg": 10, "K3V8qEshV8k": 10, "ZuyMxKpGKTo": 10, "Sd2WaOI93bM": 12, "FBEoHtVFdMg": 12, "XNgOISE1Jxw": 12, "19ueOWcwVNs": 12, "PQ_dGsSBpvA": 12, "RULU1m9_008": 12, "YRBEIF_g2YI": 12, "6-yc-IHhTOE": 12, "1eMlUb9vnZk": 12, "DnfoqsLwzVQ": 5, "IqkLiAHYHr8": 5, "AYVNf_IGqTE": 5, "ViTkDmRvWGE": 5, "9xUnQp4xP2I": 5, "lNWHS9Kok8Q": 5, "Spwg5KkBvHE": 2, "-bBJIR6TYF8": 2, "inKSvLk7kiI": 2, "7LVMKNsk88Q": 2, "42lBjrzTXj8": 2, "z_Xka42e9jE": 2, "a6pJPzmwRmc": 2, "6iZ4ekgV0h0": 2, "g6U6EC_ivBo": 2, "sP5SmDftmQo": 14, "hkudK8drvh8": 14, "CGcVy0dLF3o": 14, "QBCwXulQJ8c": 14, "dmaIyXwzKlo": 14, "qVDPNpFw7Hs": 14, "zNZ0JLHGxAY": 14, "0SLGvlDVkRA": 14, "lvi3kstJNWw": 14, "u9pi-O_0TVM": 14, "SFrc1EvQ80k": 14, "acmjfct3T1U": 14, "E6twzRRJEkY": 14, "hexthue-KoA": 14, "FQAGEY4greA": 14, "kqBMbW6tHI4": 14, "YDZqpg0cmtU": 14, "MqnwOuBns68": 14, "imxo-gi-aLY": 14, "lgrz-QBrqqc": 14, "8vJnhDFwXS0": 14, "vXKFg15o-to": 14, "7NdW-cCSMCQ": 14, "7bDfcqHnMPw": 14, "Rkthf1_yOj8": 14, "Pal0AcfUDy0": 14, "bO-4MRKxZ8E": 14, "Pq_k6J7jmu0": 14, "RHCKswIWaqs": 14, "fYJRTjBdlQE": 14, "8SZJO1Jhr4o": 14, "W-Ksdkh6j4k": 14, "n3udMsz8bic": 14, "66jMNxcw0A4": 14, "6OlPHcmbSos": 14, "rwSFVVInHtU": 14, "oPZMZJBFYEU": 14, "NQjXuJoA62c": 14, "3u26zxtPF5A": 14, "8n1bxuPWBnQ": 14, "f6DNByuheFM": 14, "q5NC7eI_KMw": 6, "dHCLDtSNIQA": 6, "bsIIpEoghJY": 6, "obEYhjTAFE0": 6, "63jl5F82OmI": 6, "jnTotsG6fBI": 6, "pKxgfkIlFrM": 6, "otGws4tXmtY": 6, "n2nfelAeLGU": 6, "Ir0-y3dg3HU": 6, "gKhHGFrVQek": 6, "FKbJsPPoAxw": 6, "TP1nghTPnKQ": 6, "l0G0ZO627jo": 5, "vc4hG_8t9nA": 5, "5c4UIDf7pzc": 5, "Ew54eu7e3fs": 5, "yNMqbL8B224": 5, "v1_mJEtfk-c": 5, "3pQqFQMI0Sc": 5, "eIqBFOX5YTo": 5, "Pj8zn7lSZFA": 5, "fv-EGsNvNzc": 5, "AB2GDn6O-wQ": 5, "jkXPQ4cxliw": 5, "cJLxGSR5eCU": 5, "Gm6-dlbSuHk": 5, "QMBAc13_V74": 5, "xW7auZjGTGk": 5, "WsZ6NEijlfI": 5, "cIuGwaBFX8I": 5, "FXj6ELi4BVg": 5, "zNIxXNyjv2s": 5, "5Oqa1Fag5eQ": 5, "Cvlk2wgVWPs": 5, "-STH2nfCIk8": 5, "RtpRuXnIfXQ": 5, "9vYZ-N72kjk": 5, "sNS67ZJQVDA": 5, "W9Y9A1-b1bU": 5, "WKGAs9uRlsI": 5, "gPY-jQwu2m0": 5, "6kU_miFjids": 5, "woRcSIidK0I": 5, "riwvTctlQTM": 5, "AW2hoXw8x6E": 0, "iM7imKiDSHg": 0, "qQat1ohBpVA": 0, "mOt9-6q29sQ": 0, "pU7VLIIog5E": 0, "4BTb8fEA8K4": 0, "Ct-wWss7c8s": 0, "YkXVy-FAz-U": 0, "A6NYrdheBfU": 0, "tGNuv-_Gulc": 0, "uhd5GVXBGoM": 0, "QB_5n-fhthU": 0, "eZI12l1MEQQ": 0, "VnEdtDq9nOI": 0, "rwkBvz_i870": 15, "u2qCGsWoRSc": 15, "Sx5-QS0jHDM": 15, "iKLoQ_-JKLo": 15, "f-W522lJtBQ": 15, "Mt54VpVip-Y": 15, "ZK2QWk0QZEs": 15, "3ZrurhxII-M": 15, "03OPcn80Uzs": 15, "5ww_TetJXiE": 15, "QTrqGwj3XpA": 15, "D6VQDNIZH7U": 15, "IXl2SPerSZ4": 15, "prThf-aAmpo": 15, "l7EDyUg-LqE": 3, "XIeUV11mTt8": 3, "1CKFDu-IMLM": 3, "mERHrv97PIM": 3, "0Q3IvgfzeMM": 3, "Cx9YTJInZ30": 3, "W4SM_0s5Bro": 3, "Zku1tCcztkA": 10, "aEMbPiYq6oA": 10, "iHOCbRSbrqU": 10, "JRFoLTUsoK4": 10, "5pkm_SYkcbI": 10, "dVSyiwKRpE4": 10, "pDv2MiCsC2k": 10, "MIEneFA508o": 10, "pSNUJU1QlNk": 10, "s4TEW7g753Q": 10, "d8SK35XYEVU": 10, "Yl_FJAOcFgQ": 9, "Iwpi1Lm6dFo": 9, "V8eLdbKXGzk": 9, "QT5vlkGM810": 9, "bbtfIzh5Db4": 4, "YdB1HMCldJY": 4, "51VupvTTSno": 4, "j6UyNq_TwGA": 4, "6EqI5V8AUp8": 4, "sloQbuYOmGo": 4, "61RjiFidiTw": 4, "Z-6erGcT-qw": 4, "ynDyv6LDRTM": 4, "7qM-DRn10SE": 4, "uqiMw7tQ1Cc": 4, "DvQ982Cw4uw": 7, "Cq7JT2zKUSA": 7, "urcmaFVQnF4": 9, "06T40MI75Nk": 9, "ADGXpBO1bhI": 9, "TmQua7gUGQA": 9, "ekYpxgEpLZI": 9, "UhxuncuRWPU": 9, "sAzW9Y6RIEc": 9, "oquXSDpTegw": 0, "VTl-q2_1h2w": 7, "vjPjausO-KI": 7, "g0eY0nTJuaA": 7, "IJt0_IKPHww": 9, "OzZhMlNe01I": 9, "VQoMkvvqsgA": 9, "6PET-GvhFx0": 9, "-0brhBye9gY": 9, "KOdxrn7e4M8": 9, "xpyrefzvTpI": 9, "DX-FIfLb19A": 9, "5ciccElb4KU": 9, "aPxpuwl2IrI": 9, "cErvWqz8jWE": 9, "UPgqo19V7y0": 9, "-AhUMtaCptg": 9, "rByTJDgBz5g": 4, "dGXHxnRca-Q": 4, "Lw40a0opKGY": 4, "Uoncl8ype-M": 4, "t4YXfwEa4hM": 4, "Sou1PwEqPH8": 4, "B5iTAJDC7-w": 4, "XBB2HrS5CXc": 3, "S8r7h-WgEDs": 11, "Q9Wb0sc5Ft8": 11, "5E3EbV0wG0U": 11, "PTGV-jv3mPY": 11, "3grFZJ7qzjk": 3, "K5T42WfUcnM": 3, "WQq1ojubvkY": 3, "SpK1owmRemQ": 3, "AA6nXQMyfhU": 3, "kKXCHsd7cWs": 1, "ym8GquLESdU": 1, "jDOG8Vk9OOQ": 1, "0YvYn75WjJQ": 1, "mBe3WqWTZDE": 1, "Jbu1v0RQe6M": 1, "_AeBSDuyXUo": 1, "C7FmHROuB_o": 1, "BnuKKbGe124": 1, "1HBBE_Uz_9U": 1, "K2C-Qj7r-GU": 1, "8_HFyosIeAg": 1, "mGwHo3A9hF4": 1, "kYCRY9mjL9s": 1, "1cUp0UIVbMw": 1, "jkhA42kcYMA": 1, "QXzoJRVk5wI": 1, "FME7qDYPnyk": 1, "mBtay3_Ux7c": 1, "t_-lPLpbPoM": 1, "T-_GTt-msfg": 1, "EJXMF8h5e2Q": 1, "EkKOB8OxEuI": 1, "IpObqdrS7i0": 1, "X7t6ZzNVTDA": 1, "3GDwHI5hAbM": 1, "GsvToVVwzSk": 1, "dLqpkyc9vhg": 1, "zkGr_dDIa-0": 1, "s_SlN1r0_tk": 1, "QmtPlbxB7rA": 1, "csjlN8-282g": 1, "3BGYn6AYdd8": 1, "GZVD0gQNf-I": 1, "t-JbV39qe1M": 1, "RpxegTIqaDE": 1, "MwJjtutSO9Y": 1, "kgt95I-tAQ0": 1, "N8ULvtu5mpA": 3, "GvioWi5cg4k": 3, "X1Fbp5WIXCE": 3}